id,title,description,link,image_link,price,brand,condition,availability,color,google_product_category,custom_label_0,custom_label_1,custom_label_2
4JGFF5KE3SB437606,2025 Mercedes-Benz GLS GLS 450 4MATIC®,"2025 Mercedes-Benz GLS GLS 450 4MATIC® — 25,193 miles — used — Polar White",https://majorworld.com/inventory/2025-mercedes-benz-gls-gls-450-4matic-managerspecial/,https://assets.cai-media-management.com/resize/1024x768/common-vehicle-media/d767ebd0-ad5c-4955-90d7-e343528938f0.jpg,64887.00 USD,Mercedes-Benz,used,in_stock,Polar White,"Vehicles & Parts > Vehicles > Motor Vehicles > Cars, Trucks & Vans",SUV,2025,AUTOMATIC
WA1EVBF12SD039682,2025 Audi Q8 55 Premium Plus quattro,"2025 Audi Q8 55 Premium Plus quattro — 19,016 miles — used — Blue Metallic",https://majorworld.com/inventory/2025-audi-q8-55-premium-plus-quattro-managerspecial/,https://assets.cai-media-management.com/resize/1024x768/common-vehicle-media/0e4afb8b-8309-42cb-bee2-0ac824f5373a.jpg,53887.00 USD,Audi,used,in_stock,Blue Metallic,"Vehicles & Parts > Vehicles > Motor Vehicles > Cars, Trucks & Vans",SUV,2025,AUTOMATIC
WA1LCBF78SD001505,2025 Audi Q7 45 Premium Plus quattro,"2025 Audi Q7 45 Premium Plus quattro — 23,451 miles — used — Mythos Black Metallic",https://majorworld.com/inventory/2025-audi-q7-45-premium-plus-quattro-managerspecial/,https://assets.cai-media-management.com/resize/1024x768/common-vehicle-media/152a712f-0bc0-4682-9376-255cd0c1ce43.jpg,43887.00 USD,Audi,used,in_stock,Mythos Black Metallic,"Vehicles & Parts > Vehicles > Motor Vehicles > Cars, Trucks & Vans",SUV,2025,AUTOMATIC
1FMJK1K88REA43147,2024 Ford Expedition Max Limited RWD,"2024 Ford Expedition Max Limited RWD — 60,816 miles — used — Agate Black Metallic",https://majorworld.com/inventory/2024-ford-expedition-max-limited-rwd-managerspecial/,https://assets.cai-media-management.com/resize/1024x768/common-vehicle-media/7e222f15-4045-4858-b2f7-2ed45590089a.jpg,42995.00 USD,Ford,used,in_stock,Agate Black Metallic,"Vehicles & Parts > Vehicles > Motor Vehicles > Cars, Trucks & Vans",SUV,2024,AUTOMATIC
WAULDAF89NN005323,2022 Audi A8 L 55 quattro,"2022 Audi A8 L 55 quattro — 27,981 miles — used — Mythos Black Metallic",https://majorworld.com/inventory/2022-audi-a8-l-55-quattro-2-managerspecial/,https://assets.cai-media-management.com/resize/1024x768/common-vehicle-media/25300f9b-8794-412a-8acc-69f0d6a0a83d.jpg,42887.00 USD,Audi,used,in_stock,Mythos Black Metallic,"Vehicles & Parts > Vehicles > Motor Vehicles > Cars, Trucks & Vans",SEDAN,2022,AUTOMATIC
WP1AA2A55PLB03672,2023 Porsche Macan Base AWD,"2023 Porsche Macan Base AWD — 34,201 miles — used — Jet Black Metallic",https://majorworld.com/inventory/2023-porsche-macan-base-awd-managerspecial/,https://assets.cai-media-management.com/resize/1024x768/common-vehicle-media/300a524c-859e-465d-9222-5c7abc4b4b78.jpg,42887.00 USD,Porsche,used,in_stock,Jet Black Metallic,"Vehicles & Parts > Vehicles > Motor Vehicles > Cars, Trucks & Vans",CROSSOVER,2023,AUTOMATIC
1GTP9EEL3NZ100651,2022 GMC Sierra 1500 Limited AT4 4WD,"2022 GMC Sierra 1500 Limited AT4 4WD — 27,886 miles — used — Satin Steel Metallic",https://majorworld.com/inventory/2022-gmc-sierra-1500-limited-at4-4wd-managerspecial/,https://assets.cai-media-management.com/resize/1024x768/common-vehicle-media/deab8456-3489-44f3-a8fc-2e378c8129f7.jpg,40887.00 USD,GMC,used,in_stock,Satin Steel Metallic,"Vehicles & Parts > Vehicles > Motor Vehicles > Cars, Trucks & Vans",PICKUP,2022,AUTOMATIC
58ACZ1B13SU194635,2025 Lexus ES 350 FWD,"2025 Lexus ES 350 FWD — 19,642 miles — used — Moonbeam Beige Metallic",https://majorworld.com/inventory/2025-lexus-es-350-fwd-managerspecial/,https://assets.cai-media-management.com/resize/1024x768/common-vehicle-media/de84a807-29d8-46f3-814c-0a9676e5f794.jpg,39888.00 USD,Lexus,used,in_stock,Moonbeam Beige Metallic,"Vehicles & Parts > Vehicles > Motor Vehicles > Cars, Trucks & Vans",SEDAN,2025,AUTOMATIC
3GCPABEK4SG348559,2025 Chevrolet Silverado 1500 Custom RWD,"2025 Chevrolet Silverado 1500 Custom RWD — 28,753 miles — used — Summit White",https://majorworld.com/inventory/2025-chevrolet-silverado-1500-custom-rwd-managerspecial/,https://assets.cai-media-management.com/resize/1024x768/common-vehicle-media/cf06efba-c77e-4fb8-afe9-524df2117bd7.jpg,39888.00 USD,Chevrolet,used,in_stock,Summit White,"Vehicles & Parts > Vehicles > Motor Vehicles > Cars, Trucks & Vans",PICKUP,2025,AUTOMATIC
4JGFB4FE0RB050165,2024 Mercedes-Benz GLE GLE 350 4MATIC®,"2024 Mercedes-Benz GLE GLE 350 4MATIC® — 50,109 miles — used — Black",https://majorworld.com/inventory/2024-mercedes-benz-gle-gle-350-4matic-2-managerspecial/,https://assets.cai-media-management.com/resize/1024x768/common-vehicle-media/9bb07040-9997-499c-a8a1-0db97df3d1cc.jpg,39887.00 USD,Mercedes-Benz,used,in_stock,Black,"Vehicles & Parts > Vehicles > Motor Vehicles > Cars, Trucks & Vans",SUV,2024,AUTOMATIC
1FMJU1J82REA60344,2024 Ford Expedition XLT 4WD,"2024 Ford Expedition XLT 4WD — 58,559 miles — used — Gray Metallic",https://majorworld.com/inventory/2024-ford-expedition-xlt-4wd-managerspecial/,https://assets.cai-media-management.com/resize/1024x768/common-vehicle-media/6c750f6e-db7c-4af6-aeb6-0ed16237d2be.jpg,38887.00 USD,Ford,used,in_stock,Gray Metallic,"Vehicles & Parts > Vehicles > Motor Vehicles > Cars, Trucks & Vans",SUV,2024,AUTOMATIC
1C4RJHAG4SC306151,2025 Jeep Grand Cherokee Laredo X 4WD,2025 Jeep Grand Cherokee Laredo X 4WD — 137 miles — used — Velvet Red Pearlcoat,https://majorworld.com/inventory/2025-jeep-grand-cherokee-laredo-x-4wd-managerspecial/,https://assets.cai-media-management.com/resize/1024x768/common-vehicle-media/50d461ef-847b-4dbe-8a1b-ebc5dab3dc7e.jpg,37887.00 USD,Jeep,used,in_stock,Velvet Red Pearlcoat,"Vehicles & Parts > Vehicles > Motor Vehicles > Cars, Trucks & Vans",SUV,2025,AUTOMATIC
WAUDACF51SA000750,2025 Audi A5 Sportback 45 S line Premium quattro,"2025 Audi A5 Sportback 45 S line Premium quattro — 12,984 miles — used — Arkona White",https://majorworld.com/inventory/2025-audi-a5-sportback-quattro-managerspecial/,https://assets.cai-media-management.com/resize/1024x768/common-vehicle-media/870a31df-3e8f-4571-b2ab-4aba54c88027.jpg,32887.00 USD,Audi,used,in_stock,Arkona White,"Vehicles & Parts > Vehicles > Motor Vehicles > Cars, Trucks & Vans",WAGON,2025,AUTOMATIC
1GTPUAEK1PZ116509,2023 GMC Sierra 1500 Pro 4WD,"2023 GMC Sierra 1500 Pro 4WD — 58,027 miles — used — Summit White",https://majorworld.com/inventory/2023-gmc-sierra-1500-pro-4wd-managerspecial/,https://assets.cai-media-management.com/resize/1024x768/common-vehicle-media/2601f7ad-3d90-44ea-9d16-b1121ae54f7c.jpg,31887.00 USD,GMC,used,in_stock,Summit White,"Vehicles & Parts > Vehicles > Motor Vehicles > Cars, Trucks & Vans",PICKUP,2023,AUTOMATIC
4JGFB4JB7NA805499,2022 Mercedes-Benz GLE GLE 350 RWD,"2022 Mercedes-Benz GLE GLE 350 RWD — 35,189 miles — used — Black",https://majorworld.com/inventory/2022-mercedes-benz-gle-gle-350-rwd-managerspecial/,https://assets.cai-media-management.com/resize/1024x768/common-vehicle-media/e93b689b-2f0a-48dc-a1cb-11233ddb09c9.jpg,28887.00 USD,Mercedes-Benz,used,in_stock,Black,"Vehicles & Parts > Vehicles > Motor Vehicles > Cars, Trucks & Vans",SUV,2022,AUTOMATIC
W1KEG1CB1PF032070,2023 Mercedes-Benz EQE 350 Sedan 4MATIC®,"2023 Mercedes-Benz EQE 350 Sedan 4MATIC® — 20,644 miles — used — Black",https://majorworld.com/inventory/2023-mercedes-benz-eqe-350-sedan-4matic-managerspecial/,https://assets.cai-media-management.com/resize/1024x768/common-vehicle-media/adeed672-2ce0-4be9-a4a2-26e1acce8a15.jpg,27887.00 USD,Mercedes-Benz,used,in_stock,Black,"Vehicles & Parts > Vehicles > Motor Vehicles > Cars, Trucks & Vans",SEDAN,2023,AUTOMATIC
2FMPK4J92RBA06080,2024 Ford Edge SEL AWD,"2024 Ford Edge SEL AWD — 21,047 miles — used — Agate Black Metallic",https://majorworld.com/inventory/2024-ford-edge-sel-awd-managerspecial/,https://assets.cai-media-management.com/resize/1024x768/common-vehicle-media/2ebd5670-d1aa-4773-9ed1-64fe417d997a.jpg,27887.00 USD,Ford,used,in_stock,Agate Black Metallic,"Vehicles & Parts > Vehicles > Motor Vehicles > Cars, Trucks & Vans",CROSSOVER,2024,AUTOMATIC
1FMSK8DH7NGB67922,2022 Ford Explorer XLT 4WD,"2022 Ford Explorer XLT 4WD — 38,786 miles — used — Iconic Silver Metallic",https://majorworld.com/inventory/2022-ford-explorer-xlt-4wd-managerspecial/,https://assets.cai-media-management.com/resize/1024x768/common-vehicle-media/d48cda9e-24b6-4030-9bba-77754b18ad93.jpg,27887.00 USD,Ford,used,in_stock,Iconic Silver Metallic,"Vehicles & Parts > Vehicles > Motor Vehicles > Cars, Trucks & Vans",SUV,2022,AUTOMATIC
4T1DAACK3TU680969,2026 Toyota Camry LE FWD,"2026 Toyota Camry LE FWD — 10,419 miles — used — Underground",https://majorworld.com/inventory/2026-toyota-camry-le-fwd-4-managerspecial/,https://assets.cai-media-management.com/resize/1024x768/common-vehicle-media/d0dda0d4-faf1-41a4-93e9-6c759666b067.jpg,26887.00 USD,Toyota,used,in_stock,Underground,"Vehicles & Parts > Vehicles > Motor Vehicles > Cars, Trucks & Vans",SEDAN,2026,AUTOMATIC
2T3F1RFV0SC502733,2025 Toyota RAV4 LE AWD,"2025 Toyota RAV4 LE AWD — 32,734 miles — used — Silver Sky Metallic",https://majorworld.com/inventory/2025-toyota-rav4-le-awd-2-managerspecial/,https://assets.cai-media-management.com/resize/1024x768/common-vehicle-media/1a2b2cb9-1e9e-416d-9f6e-d7ef4a15c078.jpg,26887.00 USD,Toyota,used,in_stock,Silver Sky Metallic,"Vehicles & Parts > Vehicles > Motor Vehicles > Cars, Trucks & Vans",CROSSOVER,2025,AUTOMATIC
3C6LRVCG4SE513116,2025 Ram ProMaster 2500 High Roof FWD,"2025 Ram ProMaster 2500 High Roof FWD — 37,834 miles — used — Bright White Clearcoat",https://majorworld.com/inventory/2025-ram-promaster-2500-high-roof-fwd-managerspecial/,https://assets.cai-media-management.com/resize/1024x768/common-vehicle-media/ae5c7ecd-e0dd-401b-ad55-9020cfedce03.jpg,26887.00 USD,Ram,used,in_stock,Bright White Clearcoat,"Vehicles & Parts > Vehicles > Motor Vehicles > Cars, Trucks & Vans",VAN,2025,AUTOMATIC
WAUE3BF23PN066666,2023 Audi A6 45 Premium Plus quattro,"2023 Audi A6 45 Premium Plus quattro — 38,004 miles — used — Glacier White Metallic",https://majorworld.com/inventory/2023-audi-a6-45-premium-plus-quattro-managerspecial/,https://assets.cai-media-management.com/resize/1024x768/common-vehicle-media/e1e32882-3f5e-4341-8ca5-40c47840c9b4.jpg,26887.00 USD,Audi,used,in_stock,Glacier White Metallic,"Vehicles & Parts > Vehicles > Motor Vehicles > Cars, Trucks & Vans",SEDAN,2023,AUTOMATIC
3CZRZ1H77SM716182,2025 Honda HR-V EX-L FWD,"2025 Honda HR-V EX-L FWD — 38,494 miles — used — White",https://majorworld.com/inventory/2025-honda-hr-v-ex-l-fwd-managerspecial/,https://assets.cai-media-management.com/resize/1024x768/common-vehicle-media/f685991a-b9f8-46b2-a0c9-cd3e58545cf4.jpg,25887.00 USD,Honda,used,in_stock,White,"Vehicles & Parts > Vehicles > Motor Vehicles > Cars, Trucks & Vans",CROSSOVER,2025,AUTOMATIC
1GYKNDR43NZ170583,2022 Cadillac XT5 Premium Luxury AWD,"2022 Cadillac XT5 Premium Luxury AWD — 52,268 miles — used — Crystal White Tricoat",https://majorworld.com/inventory/2022-cadillac-xt5-premium-luxury-awd-managerspecial/,https://assets.cai-media-management.com/resize/1024x768/common-vehicle-media/1bbbd784-2199-49bb-89e9-660ee358c90d.jpg,25887.00 USD,Cadillac,used,in_stock,Crystal White Tricoat,"Vehicles & Parts > Vehicles > Motor Vehicles > Cars, Trucks & Vans",SEDAN,2022,AUTOMATIC
5YFB4MDE0TP387699,2026 Toyota Corolla LE FWD,"2026 Toyota Corolla LE FWD — 8,176 miles — used — Classic Silver Metallic",https://majorworld.com/inventory/2026-toyota-corolla-le-fwd-3-managerspecial/,https://assets.cai-media-management.com/resize/1024x768/common-vehicle-media/7c348795-3894-43b7-8eb2-f772a8810112.jpg,24888.00 USD,Toyota,used,in_stock,Classic Silver Metallic,"Vehicles & Parts > Vehicles > Motor Vehicles > Cars, Trucks & Vans",SEDAN,2026,AUTOMATIC
3GN7DLRP0SS144607,2025 Chevrolet Equinox EV LT FWD,2025 Chevrolet Equinox EV LT FWD — 21 miles — used — Galaxy Gray Metallic,https://majorworld.com/inventory/2025-chevrolet-equinox-ev-lt-fwd-managerspecial/,https://assets.cai-media-management.com/resize/1024x768/common-vehicle-media/6d86e2a1-b9dd-4e68-a155-b398e8d42070.jpg,24887.00 USD,Chevrolet,used,in_stock,Galaxy Gray Metallic,"Vehicles & Parts > Vehicles > Motor Vehicles > Cars, Trucks & Vans",CROSSOVER,2025,AUTOMATIC
5NMP14GL8SH085191,2025 Hyundai Santa Fe SE FWD,"2025 Hyundai Santa Fe SE FWD — 38,804 miles — used — Hampton Gray",https://majorworld.com/inventory/2025-hyundai-santa-fe-se-fwd-managerspecial/,https://assets.cai-media-management.com/resize/1024x768/common-vehicle-media/ab07f3f8-27ec-4f0c-ba75-602cd22e6f8b.jpg,24887.00 USD,Hyundai,used,in_stock,Hampton Gray,"Vehicles & Parts > Vehicles > Motor Vehicles > Cars, Trucks & Vans",CROSSOVER,2025,OTHER
1GYAZAR47PF110566,2023 Cadillac XT4 Luxury FWD,"2023 Cadillac XT4 Luxury FWD — 42,921 miles — used — Wave Metallic",https://majorworld.com/inventory/2023-cadillac-xt4-luxury-fwd-managerspecial/,https://assets.cai-media-management.com/resize/1024x768/common-vehicle-media/417af5a5-5bbd-4f1d-9dd7-24b38035e9e8.jpg,24887.00 USD,Cadillac,used,in_stock,Wave Metallic,"Vehicles & Parts > Vehicles > Motor Vehicles > Cars, Trucks & Vans",SEDAN,2023,AUTOMATIC
5YFB4MDE0TP418448,2026 Toyota Corolla LE FWD,2026 Toyota Corolla LE FWD — 34 miles — used — Classic Silver Metallic,https://majorworld.com/inventory/2026-toyota-corolla-le-fwd-2-managerspecial/,https://assets.cai-media-management.com/resize/1024x768/common-vehicle-media/887b3ecb-94c8-4543-ac78-f197aef2f0de.jpg,23887.00 USD,Toyota,used,in_stock,Classic Silver Metallic,"Vehicles & Parts > Vehicles > Motor Vehicles > Cars, Trucks & Vans",SEDAN,2026,AUTOMATIC
3GNKDBRJ5RS278295,2024 Chevrolet Blazer EV LT AWD,"2024 Chevrolet Blazer EV LT AWD — 18,950 miles — used — Black",https://majorworld.com/inventory/2024-chevrolet-blazer-ev-lt-awd-2-managerspecial/,https://assets.cai-media-management.com/resize/1024x768/common-vehicle-media/eb77f889-0e34-4dbb-b8a6-42b3eb22b78d.jpg,23887.00 USD,Chevrolet,used,in_stock,Black,"Vehicles & Parts > Vehicles > Motor Vehicles > Cars, Trucks & Vans",CROSSOVER,2024,AUTOMATIC
1V2WR2CA8RC613297,2024 Volkswagen Atlas 2.0T SE w/Technology FWD,"2024 Volkswagen Atlas 2.0T SE w/Technology FWD — 19,333 miles — used — Pure White",https://majorworld.com/inventory/2024-volkswagen-atlas-2-0t-se-w-technology-fwd-managerspecial/,https://assets.cai-media-management.com/resize/1024x768/common-vehicle-media/54942474-ad95-4f3a-a68c-8fdf8c78727b.jpg,23887.00 USD,Volkswagen,used,in_stock,Pure White,"Vehicles & Parts > Vehicles > Motor Vehicles > Cars, Trucks & Vans",CROSSOVER,2024,AUTOMATIC
1C4RJGAG4RC707915,2024 Jeep Grand Cherokee Laredo,"2024 Jeep Grand Cherokee Laredo — 54,573 miles — used — Diamond Black Crystal Pearlcoat",https://majorworld.com/inventory/2024-jeep-grand-cherokee-laredo-rwd-managerspecial/,https://assets.cai-media-management.com/resize/1024x768/common-vehicle-media/84d5b949-d3d0-4533-8b0f-816b80458696.jpg,23887.00 USD,Jeep,used,in_stock,Diamond Black Crystal Pearlcoat,"Vehicles & Parts > Vehicles > Motor Vehicles > Cars, Trucks & Vans",SUV,2024,AUTOMATIC
1C4JJXN6XPW628498,2023 Jeep Wrangler Willys 4xe 4WD,"2023 Jeep Wrangler Willys 4xe 4WD — 64,425 miles — used — Black Clearcoat",https://majorworld.com/inventory/2023-jeep-wrangler-4wd-managerspecial/,https://assets.cai-media-management.com/resize/1024x768/common-vehicle-media/7b224764-1c64-487f-89a8-ec985a77918d.jpg,22887.00 USD,Jeep,used,in_stock,Black Clearcoat,"Vehicles & Parts > Vehicles > Motor Vehicles > Cars, Trucks & Vans",SUV,2023,AUTOMATIC
JM3TCBCY5P0637145,2023 Mazda CX-9 Touring AWD,"2023 Mazda CX-9 Touring AWD — 12,019 miles — used — Soul Red Crystal Metallic",https://majorworld.com/inventory/2023-mazda-cx-9-touring-awd-managerspecial/,https://assets.cai-media-management.com/resize/1024x768/common-vehicle-media/8c847e69-5552-42d2-897f-390506ae53d3.jpg,21887.00 USD,Mazda,used,in_stock,Soul Red Crystal Metallic,"Vehicles & Parts > Vehicles > Motor Vehicles > Cars, Trucks & Vans",CROSSOVER,2023,AUTOMATIC
5GAERBKW4NJ177002,2022 Buick Enclave Essence FWD,"2022 Buick Enclave Essence FWD — 41,511 miles — used — Sage Metallic",https://majorworld.com/inventory/2022-buick-enclave-essence-fwd-2-managerspecial/,https://assets.cai-media-management.com/resize/1024x768/common-vehicle-media/77876640-ce96-4dcb-a731-0b45c522970f.jpg,21887.00 USD,Buick,used,in_stock,Sage Metallic,"Vehicles & Parts > Vehicles > Motor Vehicles > Cars, Trucks & Vans",SEDAN,2022,AUTOMATIC
KL4AMESL4RB012919,2024 Buick Encore GX Sport Touring AWD,"2024 Buick Encore GX Sport Touring AWD — 51,744 miles — used — Cinnabar Metallic",https://majorworld.com/inventory/2024-buick-encore-gx-sport-touring-awd-managerspecial/,https://assets.cai-media-management.com/resize/1024x768/common-vehicle-media/453890ce-1c9d-4ebd-96f2-e4e8db56ca6f.jpg,19995.00 USD,Buick,used,in_stock,Cinnabar Metallic,"Vehicles & Parts > Vehicles > Motor Vehicles > Cars, Trucks & Vans",CROSSOVER,2024,AUTOMATIC
KL77LJEP8SC002322,2025 Chevrolet Trax 2RS FWD,"2025 Chevrolet Trax 2RS FWD — 22,363 miles — used — Sterling Gray Metallic",https://majorworld.com/inventory/2025-chevrolet-trax-2rs-fwd-managerspecial/,https://assets.cai-media-management.com/resize/1024x768/common-vehicle-media/080ded8a-22f6-42b6-ad7b-db0717de704b.jpg,19887.00 USD,Chevrolet,used,in_stock,Sterling Gray Metallic,"Vehicles & Parts > Vehicles > Motor Vehicles > Cars, Trucks & Vans",CROSSOVER,2025,AUTOMATIC
JN8BT3BA8SW010593,2025 Nissan Rogue SV FWD,"2025 Nissan Rogue SV FWD — 22,936 miles — used — Gun Metallic",https://majorworld.com/inventory/2025-nissan-rogue-sv-fwd-managerspecial/,https://assets.cai-media-management.com/resize/1024x768/common-vehicle-media/4784e5c3-c640-4429-83ae-cd554846aca4.jpg,19887.00 USD,Nissan,used,in_stock,Gun Metallic,"Vehicles & Parts > Vehicles > Motor Vehicles > Cars, Trucks & Vans",CROSSOVER,2025,AUTOMATIC
5N1BT3AA1PC868442,2023 Nissan Rogue S FWD,"2023 Nissan Rogue S FWD — 26,422 miles — used — Super Black",https://majorworld.com/inventory/2023-nissan-rogue-s-fwd-2-managerspecial/,https://assets.cai-media-management.com/resize/1024x768/common-vehicle-media/fce067ff-5de5-44e0-bcc4-221d7fbfd0d7.jpg,19887.00 USD,Nissan,used,in_stock,Super Black,"Vehicles & Parts > Vehicles > Motor Vehicles > Cars, Trucks & Vans",CROSSOVER,2023,AUTOMATIC
1G1ZG5ST6RF159440,2024 Chevrolet Malibu RS FWD,"2024 Chevrolet Malibu RS FWD — 29,732 miles — used — Sterling Gray Metallic",https://majorworld.com/inventory/2024-chevrolet-malibu-rs-fwd-managerspecial/,https://assets.cai-media-management.com/resize/1024x768/common-vehicle-media/29e894ba-9933-461b-a78f-45b133feba1e.jpg,19887.00 USD,Chevrolet,used,in_stock,Sterling Gray Metallic,"Vehicles & Parts > Vehicles > Motor Vehicles > Cars, Trucks & Vans",SEDAN,2024,AUTOMATIC
1HGCV1F54KA125444,2019 Honda Accord EX-L FWD,"2019 Honda Accord EX-L FWD — 36,666 miles — used — Black",https://majorworld.com/inventory/2019-honda-accord-ex-l-fwd-managerspecial/,https://assets.cai-media-management.com/resize/1024x768/common-vehicle-media/9c2ce883-86ca-4385-b864-cf69e2be3a3d.jpg,19887.00 USD,Honda,used,in_stock,Black,"Vehicles & Parts > Vehicles > Motor Vehicles > Cars, Trucks & Vans",SEDAN,2019,AUTOMATIC
1HGCY1F24RA009118,2024 Honda Accord LX FWD,"2024 Honda Accord LX FWD — 51,418 miles — used — Red",https://majorworld.com/inventory/2024-honda-accord-lx-fwd-managerspecial/,https://assets.cai-media-management.com/resize/1024x768/common-vehicle-media/29c3bfd9-658c-4954-be46-2aec73027a1e.jpg,19887.00 USD,Honda,used,in_stock,Red,"Vehicles & Parts > Vehicles > Motor Vehicles > Cars, Trucks & Vans",SEDAN,2024,AUTOMATIC
1HGCV3F58NA003301,2022 Honda Accord Hybrid EX-L FWD,"2022 Honda Accord Hybrid EX-L FWD — 73,376 miles — used — Crystal Black Pearl",https://majorworld.com/inventory/2022-honda-accord-hybrid-ex-l-fwd-managerspecial/,https://assets.cai-media-management.com/resize/1024x768/common-vehicle-media/e1e32315-15b9-46b4-98c4-5683b8c2f821.jpg,19887.00 USD,Honda,used,in_stock,Crystal Black Pearl,"Vehicles & Parts > Vehicles > Motor Vehicles > Cars, Trucks & Vans",SEDAN,2022,AUTOMATIC
2T3G1RFVXMW228320,2021 Toyota RAV4 LE AWD,"2021 Toyota RAV4 LE AWD — 27,574 miles — used — Pearl",https://majorworld.com/inventory/2021-toyota-rav4-le-awd-managerspecial/,https://assets.cai-media-management.com/resize/1024x768/common-vehicle-media/d69111bb-28ee-4876-97bb-1a085368aa51.jpg,18887.00 USD,Toyota,used,in_stock,Pearl,"Vehicles & Parts > Vehicles > Motor Vehicles > Cars, Trucks & Vans",CROSSOVER,2021,AUTOMATIC
3GNAXSEG8PL138388,2023 Chevrolet Equinox LS AWD,"2023 Chevrolet Equinox LS AWD — 18,398 miles — used — Sterling Gray Metallic",https://majorworld.com/inventory/2023-chevrolet-equinox-ls-awd-managerspecial/,https://assets.cai-media-management.com/resize/1024x768/common-vehicle-media/04a16fe7-3cb0-40bc-bd57-1f68f8637fda.jpg,18777.00 USD,Chevrolet,used,in_stock,Sterling Gray Metallic,"Vehicles & Parts > Vehicles > Motor Vehicles > Cars, Trucks & Vans",CROSSOVER,2023,AUTOMATIC
5N1BT3BA1RC695684,2024 Nissan Rogue SV FWD,"2024 Nissan Rogue SV FWD — 53,814 miles — used — Brilliant Silver Metallic",https://majorworld.com/inventory/2024-nissan-rogue-sv-fwd-3-managerspecial/,https://assets.cai-media-management.com/resize/1024x768/common-vehicle-media/7da28d0a-17ff-4f16-973c-4f0a629cc67b.jpg,17887.00 USD,Nissan,used,in_stock,Brilliant Silver Metallic,"Vehicles & Parts > Vehicles > Motor Vehicles > Cars, Trucks & Vans",CROSSOVER,2024,AUTOMATIC
KMHLS4DG2SU894144,2025 Hyundai Elantra SEL Convenience FWD,"2025 Hyundai Elantra SEL Convenience FWD — 13,556 miles — used — Fluid Metal",https://majorworld.com/inventory/2025-hyundai-elantra-sel-convenience-fwd-7-managerspecial/,https://assets.cai-media-management.com/resize/1024x768/common-vehicle-media/c7669a4c-5094-4706-b42b-1148899f5b91.jpg,16887.00 USD,Hyundai,used,in_stock,Fluid Metal,"Vehicles & Parts > Vehicles > Motor Vehicles > Cars, Trucks & Vans",SEDAN,2025,AUTOMATIC
JN1EV7AR3JM430552,2018 INFINITI Q50 3.0t LUXE AWD,"2018 INFINITI Q50 3.0t LUXE AWD — 44,058 miles — used — Graphite Shadow",https://majorworld.com/inventory/2018-infiniti-q50-3-0t-luxe-awd-managerspecial/,https://assets.cai-media-management.com/resize/1024x768/common-vehicle-media/a213ff8f-4689-4e20-9576-3505f24840d1.jpg,16587.00 USD,INFINITI,used,in_stock,Graphite Shadow,"Vehicles & Parts > Vehicles > Motor Vehicles > Cars, Trucks & Vans",CROSSOVER,2018,AUTOMATIC
3KPFT4DE0SE014330,2025 Kia K4 LXS FWD,"2025 Kia K4 LXS FWD — 35,861 miles — used — Deep Sea Blue",https://majorworld.com/inventory/2025-kia-k4-lxs-fwd-2-managerspecial/,https://assets.cai-media-management.com/resize/1024x768/common-vehicle-media/b5d2c15b-580d-44d5-880a-783106a8382a.jpg,15887.00 USD,Kia,used,in_stock,Deep Sea Blue,"Vehicles & Parts > Vehicles > Motor Vehicles > Cars, Trucks & Vans",SEDAN,2025,AUTOMATIC
19XFC2F60ME200401,2021 Honda Civic LX FWD,"2021 Honda Civic LX FWD — 7,803 miles — used — White",https://majorworld.com/inventory/2021-honda-civic-lx-fwd-2-managerspecial/,https://assets.cai-media-management.com/resize/1024x768/common-vehicle-media/ef723682-b7c0-4d94-a171-a2d760c2c8ba.jpg,14887.00 USD,Honda,used,in_stock,White,"Vehicles & Parts > Vehicles > Motor Vehicles > Cars, Trucks & Vans",SEDAN,2021,AUTOMATIC
3VWBX7BU9SM000802,2025 Volkswagen Jetta 1.5T Sport FWD,"2025 Volkswagen Jetta 1.5T Sport FWD — 18,396 miles — used — Platinum Gray Metallic",https://majorworld.com/inventory/2025-volkswagen-jetta-1-5t-sport-fwd-managerspecial/,https://assets.cai-media-management.com/resize/1024x768/common-vehicle-media/02a3f424-13b7-44ca-a0d7-1d95ccb4dae8.jpg,14887.00 USD,Volkswagen,used,in_stock,Platinum Gray Metallic,"Vehicles & Parts > Vehicles > Motor Vehicles > Cars, Trucks & Vans",SEDAN,2025,AUTOMATIC
3N1CN8EV2SL856443,2025 Nissan Versa 1.6 SV FWD,"2025 Nissan Versa 1.6 SV FWD — 26,774 miles — used — Super Black Metallic",https://majorworld.com/inventory/2025-nissan-versa-1-6-sv-fwd-6-managerspecial/,https://assets.cai-media-management.com/resize/1024x768/common-vehicle-media/2cff3bab-5ac9-416a-99de-dbb2660fedff.jpg,14887.00 USD,Nissan,used,in_stock,Super Black Metallic,"Vehicles & Parts > Vehicles > Motor Vehicles > Cars, Trucks & Vans",SEDAN,2025,AUTOMATIC
3VVYX7B24NM026712,2022 Volkswagen Taos 1.5T SE AWD,"2022 Volkswagen Taos 1.5T SE AWD — 69,336 miles — used — Pyrite Silver Metallic",https://majorworld.com/inventory/2022-volkswagen-taos-1-5t-se-awd-managerspecial/,https://assets.cai-media-management.com/resize/1024x768/common-vehicle-media/c427e00c-1e98-4a88-8f2a-73139a0c0aee.jpg,14887.00 USD,Volkswagen,used,in_stock,Pyrite Silver Metallic,"Vehicles & Parts > Vehicles > Motor Vehicles > Cars, Trucks & Vans",SEDAN,2022,AUTOMATIC
1G1ZD5ST7PF142720,2023 Chevrolet Malibu LT FWD,"2023 Chevrolet Malibu LT FWD — 15,791 miles — used — Mosaic Black Metallic",https://majorworld.com/inventory/2023-chevrolet-malibu-lt-fwd-2-managerspecial/,https://assets.cai-media-management.com/resize/1024x768/common-vehicle-media/825cba11-c7fc-4c32-b71e-1146103470d1.jpg,12887.00 USD,Chevrolet,used,in_stock,Mosaic Black Metallic,"Vehicles & Parts > Vehicles > Motor Vehicles > Cars, Trucks & Vans",SEDAN,2023,AUTOMATIC
1C6RR7FT6KS545500,2019 Ram 1500 Classic Express 4WD,"2019 Ram 1500 Classic Express 4WD — 129,761 miles — used — Bright White Clearcoat",https://majorworld.com/inventory/2019-ram-1500-classic-express-4wd-managerspecial/,https://assets.cai-media-management.com/resize/1024x768/common-vehicle-media/b426bcd5-298e-4ee0-a7fb-5abf93e1b247.jpg,12887.00 USD,Ram,used,in_stock,Bright White Clearcoat,"Vehicles & Parts > Vehicles > Motor Vehicles > Cars, Trucks & Vans",PICKUP,2019,AUTOMATIC
3GCUKREC5HG220129,2017 Chevrolet Silverado 1500 LT 4WD,"2017 Chevrolet Silverado 1500 LT 4WD — 103,639 miles — used — Graphite Metallic",https://majorworld.com/inventory/2017-chevrolet-silverado-1500-lt-4wd-managerspecial/,https://assets.cai-media-management.com/resize/1024x768/common-vehicle-media/d78103a8-bc66-4ebc-ad6b-53f1bc660c5b.jpg,11888.00 USD,Chevrolet,used,in_stock,Graphite Metallic,"Vehicles & Parts > Vehicles > Motor Vehicles > Cars, Trucks & Vans",PICKUP,2017,AUTOMATIC
19XFC2F69KE024493,2019 Honda Civic LX FWD,"2019 Honda Civic LX FWD — 61,264 miles — used — White",https://majorworld.com/inventory/2019-honda-civic-lx-fwd-managerspecial/,https://assets.cai-media-management.com/resize/1024x768/common-vehicle-media/34fdba81-1e6b-4dff-9411-51835f5bb627.jpg,11887.00 USD,Honda,used,in_stock,White,"Vehicles & Parts > Vehicles > Motor Vehicles > Cars, Trucks & Vans",SEDAN,2019,AUTOMATIC
1G1ZC5ST7PF235532,2023 Chevrolet Malibu LS FWD,"2023 Chevrolet Malibu LS FWD — 111,082 miles — used — Mosaic Black Metallic",https://majorworld.com/inventory/2023-chevrolet-malibu-ls-fwd-3-managerspecial/,https://assets.cai-media-management.com/resize/1024x768/common-vehicle-media/18a64b33-793d-4330-9c07-89283588ffac.jpg,11887.00 USD,Chevrolet,used,in_stock,Mosaic Black Metallic,"Vehicles & Parts > Vehicles > Motor Vehicles > Cars, Trucks & Vans",SEDAN,2023,AUTOMATIC
KL77LGE22RC036936,2024 Chevrolet Trax 1RS FWD,"2024 Chevrolet Trax 1RS FWD — 137,940 miles — used — Sterling Gray Metallic",https://majorworld.com/inventory/2024-chevrolet-trax-1rs-fwd-2-managerspecial/,https://assets.cai-media-management.com/resize/1024x768/common-vehicle-media/ac39907f-83c9-4f8b-9020-f700b6bede3f.jpg,11887.00 USD,Chevrolet,used,in_stock,Sterling Gray Metallic,"Vehicles & Parts > Vehicles > Motor Vehicles > Cars, Trucks & Vans",CROSSOVER,2024,AUTOMATIC
2HKRM4H56FH605932,2015 Honda CR-V EX AWD,"2015 Honda CR-V EX AWD — 95,742 miles — used — Mr",https://majorworld.com/inventory/2015-honda-cr-v-ex-awd-managerspecial/,https://assets.cai-media-management.com/resize/1024x768/common-vehicle-media/6462fb93-8a96-489d-82b5-90d19e207091.jpg,9887.00 USD,Honda,used,in_stock,Mr,"Vehicles & Parts > Vehicles > Motor Vehicles > Cars, Trucks & Vans",CROSSOVER,2015,AUTOMATIC
KM8K22AA7KU335124,2019 Hyundai Kona SEL FWD,"2019 Hyundai Kona SEL FWD — 136,852 miles — used — Pulse Red w/Black Roof",https://majorworld.com/inventory/2019-hyundai-kona-sel-fwd-managerspecial/,https://assets.cai-media-management.com/resize/1024x768/common-vehicle-media/b4ed6cc3-04ee-4179-83d3-1b18dbf2f467.jpg,9887.00 USD,Hyundai,used,in_stock,Pulse Red w/Black Roof,"Vehicles & Parts > Vehicles > Motor Vehicles > Cars, Trucks & Vans",SEDAN,2019,AUTOMATIC
WAUDF78E77A249230,2007 Audi A4 2.0T quattro,"2007 Audi A4 2.0T quattro — 131,199 miles — used — Blue",https://majorworld.com/inventory/2007-audi-a4-2-0t-quattro-managerspecial/,https://assets.cai-media-management.com/resize/1024x768/common-vehicle-media/866c7e7c-5418-4150-b246-828ac5b437d5.jpg,4987.00 USD,Audi,used,in_stock,Blue,"Vehicles & Parts > Vehicles > Motor Vehicles > Cars, Trucks & Vans",SEDAN,2007,OTHER
1G1BC5SM9J7217626,2018 Chevrolet Cruze LS FWD,"2018 Chevrolet Cruze LS FWD — 109,871 miles — used — Silver Ice Metallic",https://majorworld.com/inventory/2018-chevrolet-cruze-ls-fwd-3-managerspecial/,https://assets.cai-media-management.com/resize/1024x768/common-vehicle-media/26797966-a7b3-48bd-8031-b8319dd9e813.jpg,4887.00 USD,Chevrolet,used,in_stock,Silver Ice Metallic,"Vehicles & Parts > Vehicles > Motor Vehicles > Cars, Trucks & Vans",SEDAN,2018,AUTOMATIC
